category,book_name,star_rating,rating_text,review_type
Travel,It's Only the Himalayas,2,Two,rating_only
Travel,Full Moon over Noahâs Ark: An Odyssey to Mount Ararat and Beyond,4,Four,rating_only
Travel,See America: A Celebration of Our National Parks & Treasured Sites,3,Three,rating_only
Travel,Vagabonding: An Uncommon Guide to the Art of Long-Term World Travel,2,Two,rating_only
Travel,Under the Tuscan Sun,3,Three,rating_only
Travel,A Summer In Europe,2,Two,rating_only
Travel,The Great Railway Bazaar,1,One,rating_only
Travel,A Year in Provence (Provence #1),4,Four,rating_only
Travel,The Road to Little Dribbling: Adventures of an American in Britain (Notes From a Small Island #2),1,One,rating_only
Travel,Neither Here nor There: Travels in Europe,3,Three,rating_only
Travel,"1,000 Places to See Before You Die",5,Five,rating_only
Mystery,Sharp Objects,4,Four,rating_only
Mystery,"In a Dark, Dark Wood",1,One,rating_only
Mystery,The Past Never Ends,4,Four,rating_only
Mystery,A Murder in Time,1,One,rating_only
Mystery,The Murder of Roger Ackroyd (Hercule Poirot #4),4,Four,rating_only
Mystery,The Last Mile (Amos Decker #2),2,Two,rating_only
Mystery,That Darkness (Gardiner and Renner #1),1,One,rating_only
Mystery,Tastes Like Fear (DI Marnie Rome #3),1,One,rating_only
Mystery,A Time of Torment (Charlie Parker #14),5,Five,rating_only
Mystery,A Study in Scarlet (Sherlock Holmes #1),2,Two,rating_only
Mystery,Poisonous (Max Revere Novels #3),3,Three,rating_only
Mystery,Murder at the 42nd Street Library (Raymond Ambler #1),4,Four,rating_only
Mystery,Most Wanted,3,Three,rating_only
Mystery,Hide Away (Eve Duncan #20),1,One,rating_only
Mystery,Boar Island (Anna Pigeon #19),3,Three,rating_only
Mystery,The Widow,2,Two,rating_only
Mystery,Playing with Fire,3,Three,rating_only
Mystery,What Happened on Beale Street (Secrets of the South Mysteries #2),5,Five,rating_only
Mystery,The Bachelor Girl's Guide to Murder (Herringford and Watts Mysteries #1),5,Five,rating_only
Mystery,Delivering the Truth (Quaker Midwife Mystery #1),4,Four,rating_only
Mystery,The Mysterious Affair at Styles (Hercule Poirot #1),4,Four,rating_only
Mystery,In the Woods (Dublin Murder Squad #1),2,Two,rating_only
Mystery,The Silkworm (Cormoran Strike #2),5,Five,rating_only
Mystery,The Exiled,3,Three,rating_only
Mystery,The Cuckoo's Calling (Cormoran Strike #1),1,One,rating_only
Mystery,Extreme Prey (Lucas Davenport #26),3,Three,rating_only
Mystery,Career of Evil (Cormoran Strike #3),2,Two,rating_only
Mystery,The No. 1 Ladies' Detective Agency (No. 1 Ladies' Detective Agency #1),4,Four,rating_only
Mystery,The Girl You Lost,5,Five,rating_only
Mystery,The Girl In The Ice (DCI Erika Foster #1),3,Three,rating_only
Mystery,Blood Defense (Samantha Brinkman #1),3,Three,rating_only
Mystery,1st to Die (Women's Murder Club #1),1,One,rating_only
Historical Fiction,Tipping the Velvet,1,One,rating_only
Historical Fiction,Forever and Forever: The Courtship of Henry Longfellow and Fanny Appleton,3,Three,rating_only
Historical Fiction,A Flight of Arrows (The Pathfinders #2),5,Five,rating_only
Historical Fiction,The House by the Lake,1,One,rating_only
Historical Fiction,Mrs. Houdini,5,Five,rating_only
Historical Fiction,The Marriage of Opposites,4,Four,rating_only
Historical Fiction,Glory over Everything: Beyond The Kitchen House,3,Three,rating_only
Historical Fiction,"Love, Lies and Spies",2,Two,rating_only
Historical Fiction,A Paris Apartment,4,Four,rating_only
Historical Fiction,Lilac Girls,2,Two,rating_only
Historical Fiction,The Constant Princess (The Tudor Court #1),3,Three,rating_only
Historical Fiction,The Invention of Wings,1,One,rating_only
Historical Fiction,World Without End (The Pillars of the Earth #2),4,Four,rating_only
Historical Fiction,The Passion of Dolssa,5,Five,rating_only
Historical Fiction,Girl With a Pearl Earring,1,One,rating_only
Historical Fiction,Voyager (Outlander #3),5,Five,rating_only
Historical Fiction,The Red Tent,5,Five,rating_only
Historical Fiction,The Last Painting of Sara de Vos,2,Two,rating_only
Historical Fiction,The Guernsey Literary and Potato Peel Pie Society,1,One,rating_only
Historical Fiction,Girl in the Blue Coat,2,Two,rating_only
Historical Fiction,Between Shades of Gray,5,Five,rating_only
Historical Fiction,While You Were Mine,5,Five,rating_only
Historical Fiction,The Secret Healer,3,Three,rating_only
Historical Fiction,Starlark,3,Three,rating_only
Historical Fiction,Lost Among the Living,4,Four,rating_only
Historical Fiction,A Spy's Devotion (The Regency Spies of London #1),5,Five,rating_only
Sequential Art,Scott Pilgrim's Precious Little Life (Scott Pilgrim #1),5,Five,rating_only
Sequential Art,Tsubasa: WoRLD CHRoNiCLE 2 (Tsubasa WoRLD CHRoNiCLE #2),1,One,rating_only
Sequential Art,This One Summer,4,Four,rating_only
Sequential Art,The Nameless City (The Nameless City #1),4,Four,rating_only
Sequential Art,"Saga, Volume 5 (Saga (Collected Editions) #5)",2,Two,rating_only
Sequential Art,"Rat Queens, Vol. 3: Demons (Rat Queens (Collected Editions) #11-15)",3,Three,rating_only
Sequential Art,"Princess Jellyfish 2-in-1 Omnibus, Vol. 01 (Princess Jellyfish 2-in-1 Omnibus #1)",5,Five,rating_only
Sequential Art,"Pop Gun War, Volume 1: Gift",1,One,rating_only
Sequential Art,Patience,3,Three,rating_only
Sequential Art,"Outcast, Vol. 1: A Darkness Surrounds Him (Outcast #1)",4,Four,rating_only
Sequential Art,orange: The Complete Collection 1 (orange: The Complete Collection #1),1,One,rating_only
Sequential Art,"Lumberjanes, Vol. 2: Friendship to the Max (Lumberjanes #5-8)",2,Two,rating_only
Sequential Art,"Lumberjanes, Vol. 1: Beware the Kitten Holy (Lumberjanes #1-4)",3,Three,rating_only
Sequential Art,Lumberjanes Vol. 3: A Terrible Plan (Lumberjanes #9-12),2,Two,rating_only
Sequential Art,"I Hate Fairyland, Vol. 1: Madly Ever After (I Hate Fairyland (Compilations) #1-5)",2,Two,rating_only
Sequential Art,I am a Hero Omnibus Volume 1,3,Three,rating_only
Sequential Art,"Giant Days, Vol. 2 (Giant Days #5-8)",2,Two,rating_only
Sequential Art,Danganronpa Volume 1,4,Four,rating_only
Sequential Art,"Codename Baboushka, Volume 1: The Conclave of Death",4,Four,rating_only
Sequential Art,Camp Midnight,4,Four,rating_only
Sequential Art,"Bitch Planet, Vol. 1: Extraordinary Machine (Bitch Planet (Collected Editions))",2,Two,rating_only
Sequential Art,The Shadow Hero (The Shadow Hero),1,One,rating_only
Sequential Art,"Fables, Vol. 1: Legends in Exile (Fables #1)",4,Four,rating_only
Sequential Art,Batman: The Long Halloween (Batman),2,Two,rating_only
Sequential Art,Batman: The Dark Knight Returns (Batman),5,Five,rating_only
Sequential Art,"Wonder Woman: Earth One, Volume One (Wonder Woman: Earth One #1)",4,Four,rating_only
Sequential Art,"We Are Robin, Vol. 1: The Vigilante Business (We Are Robin #1)",1,One,rating_only
Sequential Art,Through the Woods,2,Two,rating_only
Sequential Art,Superman Vol. 1: Before Truth (Superman by Gene Luen Yang #1),5,Five,rating_only
Sequential Art,"So Cute It Hurts!!, Vol. 6 (So Cute It Hurts!! #6)",4,Four,rating_only
Sequential Art,Robin War,3,Three,rating_only
Sequential Art,"Red Hood/Arsenal, Vol. 1: Open for Business (Red Hood/Arsenal #1)",2,Two,rating_only
Sequential Art,"Naruto (3-in-1 Edition), Vol. 14: Includes Vols. 40, 41 & 42 (Naruto: Omnibus #14)",2,Two,rating_only
Sequential Art,Lowriders to the Center of the Earth (Lowriders in Space #2),2,Two,rating_only
Sequential Art,El Deafo,5,Five,rating_only
Sequential Art,Batman: Europa,2,Two,rating_only
Sequential Art,Art Ops Vol. 1,3,Three,rating_only
Sequential Art,"Adulthood Is a Myth: A ""Sarah's Scribbles"" Collection",2,Two,rating_only
Sequential Art,"Fruits Basket, Vol. 9 (Fruits Basket #9)",4,Four,rating_only
Sequential Art,Roller Girl,5,Five,rating_only
Sequential Art,"Fruits Basket, Vol. 7 (Fruits Basket #7)",1,One,rating_only
Sequential Art,"Fruits Basket, Vol. 6 (Fruits Basket #6)",4,Four,rating_only
Sequential Art,"Death Note, Vol. 6: Give-and-Take (Death Note #6)",3,Three,rating_only
Sequential Art,"Fruits Basket, Vol. 5 (Fruits Basket #5)",1,One,rating_only
Sequential Art,"Death Note, Vol. 5: Whiteout (Death Note #5)",1,One,rating_only
Sequential Art,"The Demon Prince of Momochi House, Vol. 4 (The Demon Prince of Momochi House #4)",2,Two,rating_only
Sequential Art,"Fruits Basket, Vol. 4 (Fruits Basket #4)",4,Four,rating_only
Sequential Art,"The Wicked + The Divine, Vol. 3: Commercial Suicide (The Wicked + The Divine)",3,Three,rating_only
Sequential Art,"The Sandman, Vol. 3: Dream Country (The Sandman (volumes) #3)",5,Five,rating_only
Sequential Art,"Saga, Volume 3 (Saga (Collected Editions) #3)",5,Five,rating_only
Sequential Art,Prodigy: The Graphic Novel (Legend: The Graphic Novel #2),3,Three,rating_only
Sequential Art,Persepolis: The Story of a Childhood (Persepolis #1-2),1,One,rating_only
Sequential Art,Original Fake,3,Three,rating_only
Sequential Art,"Grayson, Vol 3: Nemesis (Grayson #3)",1,One,rating_only
Sequential Art,"Fruits Basket, Vol. 3 (Fruits Basket #3)",2,Two,rating_only
Sequential Art,"Black Butler, Vol. 1 (Black Butler #1)",1,One,rating_only
Sequential Art,Awkward,2,Two,rating_only
Sequential Art,"The Sandman, Vol. 2: The Doll's House (The Sandman (volumes) #2)",1,One,rating_only
Sequential Art,"Saga, Volume 2 (Saga (Collected Editions) #2)",3,Three,rating_only
Sequential Art,"Fruits Basket, Vol. 2 (Fruits Basket #2)",5,Five,rating_only
Sequential Art,"Y: The Last Man, Vol. 1: Unmanned (Y: The Last Man #1)",4,Four,rating_only
Sequential Art,"The Wicked + The Divine, Vol. 1: The Faust Act (The Wicked + The Divine)",2,Two,rating_only
Sequential Art,"The Sandman, Vol. 1: Preludes and Nocturnes (The Sandman (volumes) #1)",3,Three,rating_only
Sequential Art,The Complete Maus (Maus #1-2),3,Three,rating_only
Sequential Art,"Skip Beat!, Vol. 01 (Skip Beat! #1)",3,Three,rating_only
Sequential Art,"Saga, Volume 1 (Saga (Collected Editions) #1)",1,One,rating_only
Sequential Art,"Rat Queens, Vol. 1: Sass & Sorcery (Rat Queens (Collected Editions) #1-5)",5,Five,rating_only
Sequential Art,"Paper Girls, Vol. 1 (Paper Girls #1-5)",4,Four,rating_only
Sequential Art,"Ouran High School Host Club, Vol. 1 (Ouran High School Host Club #1)",3,Three,rating_only
Sequential Art,"Ms. Marvel, Vol. 1: No Normal (Ms. Marvel (2014-2015) #1)",4,Four,rating_only
Sequential Art,"Hawkeye, Vol. 1: My Life as a Weapon (Hawkeye #1)",3,Three,rating_only
Sequential Art,"Giant Days, Vol. 1 (Giant Days #1-4)",4,Four,rating_only
Sequential Art,"Fruits Basket, Vol. 1 (Fruits Basket #1)",5,Five,rating_only
Sequential Art,"Bleach, Vol. 1: Strawberry and the Soul Reapers (Bleach #1)",5,Five,rating_only
Sequential Art,"Ajin: Demi-Human, Volume 1 (Ajin: Demi-Human #1)",4,Four,rating_only
Classics,The Secret Garden,4,Four,rating_only
Classics,The Metamorphosis,1,One,rating_only
Classics,The Pilgrim's Progress,2,Two,rating_only
Classics,The Hound of the Baskervilles (Sherlock Holmes #5),2,Two,rating_only
Classics,Little Women (Little Women #1),4,Four,rating_only
Classics,Gone with the Wind,3,Three,rating_only
Classics,Candide,3,Three,rating_only
Classics,Animal Farm,3,Three,rating_only
Classics,Wuthering Heights,3,Three,rating_only
Classics,The Picture of Dorian Gray,2,Two,rating_only
Classics,The Complete Stories and Poems (The Works of Edgar Allan Poe [Cameo Edition]),4,Four,rating_only
Classics,Beowulf,2,Two,rating_only
Classics,And Then There Were None,2,Two,rating_only
Classics,The Story of Hong Gildong,4,Four,rating_only
Classics,The Little Prince,2,Two,rating_only
Classics,Sense and Sensibility,1,One,rating_only
Classics,Of Mice and Men,2,Two,rating_only
Classics,Emma,2,Two,rating_only
Classics,Alice in Wonderland (Alice's Adventures in Wonderland #1),1,One,rating_only
Philosophy,Sophie's World,5,Five,rating_only
Philosophy,The Death of Humanity: and the Case for Life,4,Four,rating_only
Philosophy,The Stranger,4,Four,rating_only
Philosophy,Proofs of God: Classical Arguments from Tertullian to Barth,1,One,rating_only
Philosophy,Kierkegaard: A Christian Missionary to Christians,1,One,rating_only
Philosophy,"At The Existentialist CafÃ©: Freedom, Being, and apricot cocktails with: Jean-Paul Sartre, Simone de Beauvoir, Albert Camus, Martin Heidegger, Edmund Husserl, Karl Jaspers, Maurice Merleau-Ponty and others",5,Five,rating_only
Philosophy,Critique of Pure Reason,1,One,rating_only
Philosophy,"Run, Spot, Run: The Ethics of Keeping Pets",1,One,rating_only
Philosophy,The Nicomachean Ethics,1,One,rating_only
Philosophy,Meditations,2,Two,rating_only
Philosophy,Beyond Good and Evil,1,One,rating_only
Romance,Chase Me (Paris Nights #2),5,Five,rating_only
Romance,Black Dust,5,Five,rating_only
Romance,Her Backup Boyfriend (The Sorensen Family #1),1,One,rating_only
Romance,First and First (Five Boroughs #3),4,Four,rating_only
Romance,Fifty Shades Darker (Fifty Shades #2),1,One,rating_only
Romance,The Wedding Dress,1,One,rating_only
Romance,Suddenly in Love (Lake Haven #1),2,Two,rating_only
Romance,Something More Than This,4,Four,rating_only
Romance,Doing It Over (Most Likely To #1),3,Three,rating_only
Romance,The Wedding Pact (The O'Malleys #2),3,Three,rating_only
Romance,Hold Your Breath (Search and Rescue #1),1,One,rating_only
Romance,Dirty (Dive Bar #1),4,Four,rating_only
Romance,Take Me Home Tonight (Rock Star Romance #3),3,Three,rating_only
Romance,Off the Hook (Fishing for Trouble #1),3,Three,rating_only
Romance,A Gentleman's Position (Society of Gentlemen #3),5,Five,rating_only
Romance,"Sit, Stay, Love",3,Three,rating_only
Romance,A Girl's Guide to Moving On (New Beginnings #2),1,One,rating_only
Romance,The Perfect Play (Play by Play #1),3,Three,rating_only
Romance,Dark Lover (Black Dagger Brotherhood #1),1,One,rating_only
Romance,Changing the Game (Play by Play #2),3,Three,rating_only
Romance,A Walk to Remember,1,One,rating_only
Romance,The Purest Hook (Second Circle Tattoos #3),1,One,rating_only
Romance,The Obsession,1,One,rating_only
Romance,Reservations for Two,3,Three,rating_only
Romance,Best of My Love (Fool's Gold #20),2,Two,rating_only
Romance,Where Lightning Strikes (Bleeding Stars #3),3,Three,rating_only
Romance,This One Moment (Pushing Limits #1),1,One,rating_only
Romance,"Rhythm, Chord & Malykhin",2,Two,rating_only
Romance,My Perfect Mistake (Over the Top #1),2,Two,rating_only
Romance,Listen to Me (Fusion #1),3,Three,rating_only
Romance,Imperfect Harmony,4,Four,rating_only
Romance,Fighting Fate (Fighting #6),3,Three,rating_only
Romance,Deep Under (Walker Security #1),5,Five,rating_only
Romance,Charity's Cross (Charles Towne Belles #4),1,One,rating_only
Romance,Bounty (Colorado Mountain #7),4,Four,rating_only
Womens Fiction,I Had a Nice Time And Other Lies...: How to find love & sh*t like that,4,Four,rating_only
Womens Fiction,Will You Won't You Want Me?,3,Three,rating_only
Womens Fiction,Keep Me Posted,4,Four,rating_only
Womens Fiction,Grey (Fifty Shades #4),4,Four,rating_only
Womens Fiction,Meternity,3,Three,rating_only
Womens Fiction,Some Women,5,Five,rating_only
Womens Fiction,Shopaholic Ties the Knot (Shopaholic #3),5,Five,rating_only
Womens Fiction,Can You Keep a Secret?,1,One,rating_only
Womens Fiction,Twenties Girl,2,Two,rating_only
Womens Fiction,The Undomestic Goddess,4,Four,rating_only
Womens Fiction,The Nanny Diaries (Nanny #1),5,Five,rating_only
Womens Fiction,The Devil Wears Prada (The Devil Wears Prada #1),1,One,rating_only
Womens Fiction,Something Borrowed (Darcy & Rachel #1),5,Five,rating_only
Womens Fiction,Something Blue (Darcy & Rachel #2),1,One,rating_only
Womens Fiction,I've Got Your Number,1,One,rating_only
Womens Fiction,The Edge of Reason (Bridget Jones #2),4,Four,rating_only
Womens Fiction,Bridget Jones's Diary (Bridget Jones #1),1,One,rating_only
Fiction,Soumission,1,One,rating_only
Fiction,Private Paris (Private #10),5,Five,rating_only
Fiction,"We Love You, Charlie Freeman",5,Five,rating_only
Fiction,Thirst,5,Five,rating_only
Fiction,The Murder That Never Was (Forensic Instincts #5),3,Three,rating_only
Fiction,Tuesday Nights in 1980,2,Two,rating_only
Fiction,The Vacationers,4,Four,rating_only
Fiction,The Regional Office Is Under Attack!,5,Five,rating_only
Fiction,Finders Keepers (Bill Hodges Trilogy #2),5,Five,rating_only
Fiction,The Time Keeper,5,Five,rating_only
Fiction,The Testament of Mary,4,Four,rating_only
Fiction,The First Hostage (J.B. Collins #2),3,Three,rating_only
Fiction,Take Me with You,3,Three,rating_only
Fiction,Still Life with Bread Crumbs,3,Three,rating_only
Fiction,Shtum,4,Four,rating_only
Fiction,My Name Is Lucy Barton,1,One,rating_only
Fiction,My Mrs. Brown,3,Three,rating_only
Fiction,Mr. Mercedes (Bill Hodges Trilogy #1),1,One,rating_only
Fiction,I Am Pilgrim (Pilgrim #1),4,Four,rating_only
Fiction,Eligible (The Austen Project #4),3,Three,rating_only
Fiction,Eight Hundred Grapes,4,Four,rating_only
Fiction,Dear Mr. Knightley,5,Five,rating_only
Fiction,Cometh the Hour (The Clifton Chronicles #6),3,Three,rating_only
Fiction,Balloon Animals,3,Three,rating_only
Fiction,A Man Called Ove,1,One,rating_only
Fiction,The Silent Sister (Riley MacPherson #1),5,Five,rating_only
Fiction,The Dinner Party,2,Two,rating_only
Fiction,The Improbability of Love,1,One,rating_only
Fiction,Mothering Sunday,2,Two,rating_only
Fiction,Lies and Other Acts of Love,1,One,rating_only
Fiction,Daredevils,3,Three,rating_only
Fiction,11/22/63,3,Three,rating_only
Fiction,The Shack,1,One,rating_only
Fiction,The High Mountains of Portugal,1,One,rating_only
Fiction,Miller's Valley,2,Two,rating_only
Fiction,Hystopia: A Novel,4,Four,rating_only
Fiction,The Bourne Identity (Jason Bourne #1),4,Four,rating_only
Fiction,Sister Dear,4,Four,rating_only
Fiction,Memoirs of a Geisha,3,Three,rating_only
Fiction,Me Before You (Me Before You #1),1,One,rating_only
Fiction,Deception Point,4,Four,rating_only
Fiction,The Little Paris Bookshop,3,Three,rating_only
Fiction,The Firm,3,Three,rating_only
Fiction,The Expatriates,2,Two,rating_only
Fiction,Siddhartha,5,Five,rating_only
Fiction,Last One Home (New Beginnings #1),3,Three,rating_only
Fiction,Digital Fortress,5,Five,rating_only
Fiction,Atlas Shrugged,5,Five,rating_only
Fiction,Three-Martini Lunch,3,Three,rating_only
Fiction,The Nightingale,4,Four,rating_only
Fiction,The Infinities,1,One,rating_only
Fiction,The Husband's Secret,5,Five,rating_only
Fiction,The Da Vinci Code (Robert Langdon #2),2,Two,rating_only
Fiction,The Art of Fielding,1,One,rating_only
Fiction,Lila (Gilead #3),3,Three,rating_only
Fiction,Jurassic Park (Jurassic Park #1),1,One,rating_only
Fiction,Inferno (Robert Langdon #4),5,Five,rating_only
Fiction,Crazy Rich Asians (Crazy Rich Asians #1),5,Five,rating_only
Fiction,Big Little Lies,1,One,rating_only
Fiction,The Course of Love,3,Three,rating_only
Fiction,When I'm Gone,3,Three,rating_only
Fiction,The Silent Wife,5,Five,rating_only
Fiction,The Bette Davis Club,3,Three,rating_only
Fiction,Kitchens of the Great Midwest,5,Five,rating_only
Fiction,Bright Lines,5,Five,rating_only
Childrens,Birdsong: A Story in Pictures,3,Three,rating_only
Childrens,The Bear and the Piano,1,One,rating_only
Childrens,The Secret of Dreadwillow Carse,1,One,rating_only
Childrens,The White Cat and the Monk: A Retelling of the Poem âPangur BÃ¡nâ,4,Four,rating_only
Childrens,Little Red,3,Three,rating_only
Childrens,Walt Disney's Alice in Wonderland,5,Five,rating_only
Childrens,Twenty Yawns,2,Two,rating_only
Childrens,Rain Fish,3,Three,rating_only
Childrens,Once Was a Time,2,Two,rating_only
Childrens,Luis Paints the World,3,Three,rating_only
Childrens,Nap-a-Roo,1,One,rating_only
Childrens,The Whale,4,Four,rating_only
Childrens,"Shrunken Treasures: Literary Classics, Short, Sweet, and Silly",3,Three,rating_only
Childrens,Raymie Nightingale,2,Two,rating_only
Childrens,Playing from the Heart,1,One,rating_only
Childrens,Maybe Something Beautiful: How Art Transformed a Neighborhood,1,One,rating_only
Childrens,The Wild Robot,3,Three,rating_only
Childrens,The Thing About Jellyfish,1,One,rating_only
Childrens,The Lonely Ones,5,Five,rating_only
Childrens,The Day the Crayons Came Home (Crayons),5,Five,rating_only
Childrens,The Cat in the Hat (Beginner Books B-1),2,Two,rating_only
Childrens,Red: The True Story of Red Riding Hood,3,Three,rating_only
Childrens,Horrible Bear!,2,Two,rating_only
Childrens,Green Eggs and Ham (Beginner Books B-16),4,Four,rating_only
Childrens,Counting Thyme,1,One,rating_only
Childrens,Are We There Yet?,3,Three,rating_only
Childrens,Diary of a Minecraft Zombie Book 1: A Scare of a Dare (An Unofficial Minecraft Book),4,Four,rating_only
Childrens,Matilda,1,One,rating_only
Childrens,Charlie and the Chocolate Factory (Charlie Bucket #1),3,Three,rating_only
Religion,"Don't Be a Jerk: And Other Practical Advice from Dogen, Japan's Greatest Zen Master",2,Two,rating_only
Religion,You Are What You Love: The Spiritual Power of Habit,4,Four,rating_only
Religion,God: The Most Unpleasant Character in All Fiction,5,Five,rating_only
Religion,The Book of Mormon,3,Three,rating_only
Religion,"A History of God: The 4,000-Year Quest of Judaism, Christianity, and Islam",1,One,rating_only
Religion,The Bhagavad Gita,3,Three,rating_only
Religion,Choosing Our Religion: The Spiritual Lives of America's Nones,4,Four,rating_only
Nonfiction,Worlds Elsewhere: Journeys Around Shakespeareâs Globe,5,Five,rating_only
Nonfiction,The Five Love Languages: How to Express Heartfelt Commitment to Your Mate,3,Three,rating_only
Nonfiction,Reasons to Stay Alive,2,Two,rating_only
Nonfiction,#HigherSelfie: Wake Up Your Life. Free Your Soul. Find Your Tribe.,5,Five,rating_only
Nonfiction,"Unseen City: The Majesty of Pigeons, the Discreet Charm of Snails & Other Wonders of the Urban Wilderness",4,Four,rating_only
Nonfiction,Throwing Rocks at the Google Bus: How Growth Became the Enemy of Prosperity,3,Three,rating_only
Nonfiction,The Life-Changing Magic of Tidying Up: The Japanese Art of Decluttering and Organizing,3,Three,rating_only
Nonfiction,The Gutsy Girl: Escapades for Your Life of Epic Adventure,1,One,rating_only
Nonfiction,The Electric Pencil: Drawings from Inside State Hospital No. 3,1,One,rating_only
Nonfiction,Spark Joy: An Illustrated Master Class on the Art of Organizing and Tidying Up,4,Four,rating_only
Nonfiction,Reskilling America: Learning to Labor in the Twenty-First Century,2,Two,rating_only
Nonfiction,In the Country We Love: My Family Divided,4,Four,rating_only
Nonfiction,Everydata: The Misinformation Hidden in the Little Data You Consume Every Day,2,Two,rating_only
Nonfiction,Call the Nurse: True Stories of a Country Nurse on a Scottish Isle,5,Five,rating_only
Nonfiction,Algorithms to Live By: The Computer Science of Human Decisions,1,One,rating_only
Nonfiction,The Power of Now: A Guide to Spiritual Enlightenment,2,Two,rating_only
Nonfiction,The Omnivore's Dilemma: A Natural History of Four Meals,2,Two,rating_only
Nonfiction,The Genius of Birds,1,One,rating_only
Nonfiction,The Artist's Way: A Spiritual Path to Higher Creativity,5,Five,rating_only
Nonfiction,So You've Been Publicly Shamed,2,Two,rating_only
Nonfiction,"Daring Greatly: How the Courage to Be Vulnerable Transforms the Way We Live, Love, Parent, and Lead",3,Three,rating_only
Nonfiction,Big Magic: Creative Living Beyond Fear,3,Three,rating_only
Nonfiction,Becoming Wise: An Inquiry into the Mystery and Art of Living,2,Two,rating_only
Nonfiction,Agnostic: A Spirited Manifesto,5,Five,rating_only
Nonfiction,Whole Lotta Creativity Going On: 60 Fun and Unusual Exercises to Awaken and Strengthen Your Creativity,4,Four,rating_only
Nonfiction,What's It Like in Space?: Stories from Astronauts Who've Been There,2,Two,rating_only
Nonfiction,The Year of Magical Thinking,2,Two,rating_only
Nonfiction,The Literature Book (Big Ideas Simply Explained),3,Three,rating_only
Nonfiction,The Bad-Ass Librarians of Timbuktu: And Their Race to Save the Worldâs Most Precious Manuscripts,1,One,rating_only
Nonfiction,Swell: A Year of Waves,1,One,rating_only
Nonfiction,No Dream Is Too High: Life Lessons From a Man Who Walked on the Moon,2,Two,rating_only
Nonfiction,Looking for Lovely: Collecting the Moments that Matter,5,Five,rating_only
Nonfiction,Let It Out: A Journey Through Journaling,5,Five,rating_only
Nonfiction,Hamilton: The Revolution,3,Three,rating_only
Nonfiction,"Far & Away: Places on the Brink of Change: Seven Continents, Twenty-Five Years",4,Four,rating_only
Nonfiction,"Eaternity: More than 150 Deliciously Easy Vegan Recipes for a Long, Healthy, Satisfied, Joyful Life",5,Five,rating_only
Nonfiction,Buying In: The Secret Dialogue Between What We Buy and Who We Are,4,Four,rating_only
Nonfiction,Brain on Fire: My Month of Madness,5,Five,rating_only
Nonfiction,Abstract City,5,Five,rating_only
Nonfiction,13 Hours: The Inside Account of What Really Happened In Benghazi,1,One,rating_only
Nonfiction,The Lonely City: Adventures in the Art of Being Alone,2,Two,rating_only
Nonfiction,The Diary of a Young Girl,3,Three,rating_only
Nonfiction,Snatched: How A Drug Queen Went Undercover for the DEA and Was Kidnapped By Colombian Guerillas,3,Three,rating_only
Nonfiction,Furiously Happy: A Funny Book About Horrible Things,4,Four,rating_only
Nonfiction,"The Sleep Revolution: Transforming Your Life, One Night at a Time",4,Four,rating_only
Nonfiction,"Mother, Can You Not?",5,Five,rating_only
Nonfiction,A Mother's Reckoning: Living in the Aftermath of Tragedy,3,Three,rating_only
Nonfiction,"10% Happier: How I Tamed the Voice in My Head, Reduced Stress Without Losing My Edge, and Found Self-Help That Actually Works",2,Two,rating_only
Nonfiction,Chernobyl 01:23:40: The Incredible True Story of the World's Worst Nuclear Disaster,2,Two,rating_only
Nonfiction,"Zero to One: Notes on Startups, or How to Build the Future",3,Three,rating_only
Nonfiction,Why Not Me?,1,One,rating_only
Nonfiction,When Breath Becomes Air,2,Two,rating_only
Nonfiction,"The Midnight Assassin: Panic, Scandal, and the Hunt for America's First Serial Killer",4,Four,rating_only
Nonfiction,Smarter Faster Better: The Secrets of Being Productive in Life and Business,5,Five,rating_only
Nonfiction,Rising Strong,3,Three,rating_only
Nonfiction,Man's Search for Meaning,3,Three,rating_only
Nonfiction,"Love That Boy: What Two Presidents, Eight Road Trips, and My Son Taught Me About a Parent's Expectations",2,Two,rating_only
Nonfiction,Living Forward: A Proven Plan to Stop Drifting and Get the Life You Want,3,Three,rating_only
Nonfiction,I Will Find You,1,One,rating_only
Nonfiction,Brazen: The Courage to Find the You That's Been Hiding,2,Two,rating_only
Nonfiction,Between the World and Me,4,Four,rating_only
Nonfiction,Being Mortal: Medicine and What Matters in the End,4,Four,rating_only
Nonfiction,"A Murder Over a Girl: Justice, Gender, Junior High",3,Three,rating_only
Nonfiction,For the Love: Fighting for Grace in a World of Impossible Standards,3,Three,rating_only
Nonfiction,Finding God in the Ruins: How God Redeems Pain,2,Two,rating_only
Nonfiction,The Man Who Mistook His Wife for a Hat and Other Clinical Tales,4,Four,rating_only
Nonfiction,In Cold Blood,4,Four,rating_only
Nonfiction,"Girl, Interrupted",3,Three,rating_only
Nonfiction,Why Save the Bankers?: And Other Essays on Our Economic and Political Crisis,2,Two,rating_only
Nonfiction,Talking to Girls About Duran Duran: One Young Man's Quest for True Love and a Cooler Haircut,4,Four,rating_only
Nonfiction,My Mother Was Nuts,4,Four,rating_only
Nonfiction,"Data, A Love Story: How I Gamed Online Dating to Meet My Match",3,Three,rating_only
Nonfiction,The Jazz of Physics: The Secret Link Between Music and the Structure of the Universe,3,Three,rating_only
Nonfiction,The Gunning of America: Business and the Making of American Gun Culture,4,Four,rating_only
Nonfiction,The Geography of Bliss: One Grump's Search for the Happiest Places in the World,2,Two,rating_only
Nonfiction,God Is Not Great: How Religion Poisons Everything,1,One,rating_only
Nonfiction,We the People: The Modern-Day Figures Who Have Reshaped and Affirmed the Founding Fathers' Vision of America,3,Three,rating_only
Nonfiction,Very Good Lives: The Fringe Benefits of Failure and the Importance of Imagination,3,Three,rating_only
Nonfiction,"Unstuffed: Decluttering Your Home, Mind, and Soul",1,One,rating_only
Nonfiction,Under the Banner of Heaven: A Story of Violent Faith,1,One,rating_only
Nonfiction,"Trespassing Across America: One Man's Epic, Never-Done-Before (and Sort of Illegal) Hike Across the Heartland",1,One,rating_only
Nonfiction,The Name of God is Mercy,2,Two,rating_only
Nonfiction,Stiff: The Curious Lives of Human Cadavers,3,Three,rating_only
Nonfiction,Spilled Milk: Based on a True Story,1,One,rating_only
Nonfiction,"Rise of the Rocket Girls: The Women Who Propelled Us, from Missiles to the Moon to Mars",4,Four,rating_only
Nonfiction,Outliers: The Story of Success,1,One,rating_only
Nonfiction,Notes from a Small Island (Notes From a Small Island #1),1,One,rating_only
Nonfiction,Night (The Night Trilogy #1),1,One,rating_only
Nonfiction,"Miracles from Heaven: A Little Girl, Her Journey to Heaven, and Her Amazing Story of Healing",1,One,rating_only
Nonfiction,Letter to a Christian Nation,1,One,rating_only
Nonfiction,Let's Pretend This Never Happened: A Mostly True Memoir,1,One,rating_only
Nonfiction,It's Never Too Late to Begin Again: Discovering Creativity and Meaning at Midlife and Beyond,1,One,rating_only
Nonfiction,Into the Wild,5,Five,rating_only
Nonfiction,"In the Garden of Beasts: Love, Terror, and an American Family in Hitler's Berlin",3,Three,rating_only
Nonfiction,I Am Malala: The Girl Who Stood Up for Education and Was Shot by the Taliban,2,Two,rating_only
Nonfiction,Gratitude,5,Five,rating_only
Nonfiction,Disrupted: My Misadventure in the Start-Up Bubble,5,Five,rating_only
Nonfiction,Brave Enough,5,Five,rating_only
Nonfiction,"Born to Run: A Hidden Tribe, Superathletes, and the Greatest Race the World Has Never Seen",2,Two,rating_only
Nonfiction,Blink: The Power of Thinking Without Thinking,5,Five,rating_only
Nonfiction,Black Flags: The Rise of ISIS,1,One,rating_only
Nonfiction,Are We Smart Enough to Know How Smart Animals Are?,1,One,rating_only
Nonfiction,A Walk in the Woods: Rediscovering America on the Appalachian Trail,4,Four,rating_only
Nonfiction,"The Suffragettes (Little Black Classics, #96)",2,Two,rating_only
Nonfiction,Kindle Paperwhite User's Guide,3,Three,rating_only
Nonfiction,H is for Hawk,5,Five,rating_only
Nonfiction,Travels with Charley: In Search of America,5,Five,rating_only
Nonfiction,The Tumor,5,Five,rating_only
Nonfiction,The End of the Jesus Era (An Investigation #1),1,One,rating_only
Nonfiction,"Eat, Pray, Love",3,Three,rating_only
Music,Rip it Up and Start Again,5,Five,rating_only
Music,"Our Band Could Be Your Life: Scenes from the American Indie Underground, 1981-1991",3,Three,rating_only
Music,How Music Works,2,Two,rating_only
Music,Love Is a Mix Tape (Music #1),1,One,rating_only
Music,Please Kill Me: The Uncensored Oral History of Punk,4,Four,rating_only
Music,Kill 'Em and Leave: Searching for James Brown and the American Soul,5,Five,rating_only
Music,"Chronicles, Vol. 1",2,Two,rating_only
Music,This Is Your Brain on Music: The Science of a Human Obsession,1,One,rating_only
Music,"Orchestra of Exiles: The Story of Bronislaw Huberman, the Israel Philharmonic, and the One Thousand Jews He Saved from Nazi Horrors",3,Three,rating_only
Music,No One Here Gets Out Alive,5,Five,rating_only
Music,Life,5,Five,rating_only
Music,Old Records Never Die: One Man's Quest for His Vinyl and His Past,2,Two,rating_only
Music,Forever Rockers (The Rocker #12),3,Three,rating_only
Default,"The Coming Woman: A Novel Based on the Life of the Infamous Feminist, Victoria Woodhull",3,Three,rating_only
Default,The Boys in the Boat: Nine Americans and Their Epic Quest for Gold at the 1936 Berlin Olympics,4,Four,rating_only
Default,"Starving Hearts (Triangular Trade Trilogy, #1)",2,Two,rating_only
Default,America's Cradle of Quarterbacks: Western Pennsylvania's Football Factory from Johnny Unitas to Joe Montana,3,Three,rating_only
Default,Aladdin and His Wonderful Lamp,3,Three,rating_only
Default,Penny Maybe,3,Three,rating_only
Default,Maude (1883-1993):She Grew Up with the country,2,Two,rating_only
Default,"The Inefficiency Assassin: Time Management Tactics for Working Smarter, Not Longer",5,Five,rating_only
Default,Soul Reader,2,Two,rating_only
Default,Bossypants,2,Two,rating_only
Default,A World of Flavor: Your Gluten Free Passport,1,One,rating_only
Default,"A Piece of Sky, a Grain of Rice: A Memoir in Four Meditations",5,Five,rating_only
Default,Tracing Numbers on a Train,3,Three,rating_only
Default,Thirteen Reasons Why,1,One,rating_only
Default,The Secret (The Secret #1),4,Four,rating_only
Default,The Psychopath Test: A Journey Through the Madness Industry,2,Two,rating_only
Default,The Kite Runner,4,Four,rating_only
Default,The Girl on the Train,2,Two,rating_only
Default,The Emerald Mystery,2,Two,rating_only
Default,The Bridge to Consciousness: I'm Writing the Bridge Between Science and Our Old and New Beliefs.,3,Three,rating_only
Default,The Art of War,5,Five,rating_only
Default,Secrets and Lace (Fatal Hearts #1),1,One,rating_only
Default,Romero and Juliet: A Tragic Tale of Love and Zombies,1,One,rating_only
Default,Poses for Artists Volume 1 - Dynamic and Sitting Poses: An Essential Reference for Figure Drawing and the Human Form,1,One,rating_only
Default,Miss Peregrineâs Home for Peculiar Children (Miss Peregrineâs Peculiar Children #1),1,One,rating_only
Default,Large Print Heart of the Pride,2,Two,rating_only
Default,Grumbles,2,Two,rating_only
Default,First Steps for New Christians (Print Edition),1,One,rating_only
Default,Eureka Trivia 6.0,4,Four,rating_only
Default,Drive: The Surprising Truth About What Motivates Us,4,Four,rating_only
Default,Done Rubbed Out (Reightman & Bailey #1),5,Five,rating_only
Default,Beauty Restored (Riley Family Legacy Novellas #3),2,Two,rating_only
Default,Ayumi's Violin,2,Two,rating_only
Default,Anonymous,4,Four,rating_only
Default,Amy Meets the Saints and Sages,3,Three,rating_only
Default,Amatus,5,Five,rating_only
Default,V for Vendetta (V for Vendetta Complete),4,Four,rating_only
Default,"Unbroken: A World War II Story of Survival, Resilience, and Redemption",2,Two,rating_only
Default,The Wright Brothers,4,Four,rating_only
Default,The Songs of the Gods,5,Five,rating_only
Default,The Rosie Project (Don Tillman #1),1,One,rating_only
Default,The Power of Habit: Why We Do What We Do in Life and Business,3,Three,rating_only
Default,Steve Jobs,5,Five,rating_only
Default,Luckiest Girl Alive,3,Three,rating_only
Default,"Living Leadership by Insight: A Good Leader Achieves, a Great Leader Builds Monuments",4,Four,rating_only
Default,Lady Midnight (The Dark Artifices #1),5,Five,rating_only
Default,"Hush, Hush (Hush, Hush #1)",3,Three,rating_only
Default,Greek Mythic History,5,Five,rating_only
Default,Every Last Word,3,Three,rating_only
Default,Daily Fantasy Sports,1,One,rating_only
Default,Clockwork Angel (The Infernal Devices #1),1,One,rating_only
Default,City of Fallen Angels (The Mortal Instruments #4),4,Four,rating_only
Default,City of Bones (The Mortal Instruments #1),1,One,rating_only
Default,City of Ashes (The Mortal Instruments #2),1,One,rating_only
Default,"Carry On, Warrior: Thoughts on Life Unarmed",3,Three,rating_only
Default,Carrie,2,Two,rating_only
Default,Angels & Demons (Robert Langdon #1),3,Three,rating_only
Default,"The Three Searches, Meaning, and the Story",3,Three,rating_only
Default,Raspberry Pi Electronics Projects for the Evil Genius,4,Four,rating_only
Default,How to Speak Golf: An Illustrated Guide to Links Lingo,5,Five,rating_only
Default,Eleanor & Park,5,Five,rating_only
Default,Troublemaker: Surviving Hollywood and Scientology,2,Two,rating_only
Default,Adultery,5,Five,rating_only
Default,Unlimited Intuition Now,4,Four,rating_only
Default,Underlying Notes,2,Two,rating_only
Default,The New Brand You: Your New Image Makes the Sale for You,5,Five,rating_only
Default,The Flowers Lied,2,Two,rating_only
Default,"NaNo What Now? Finding your editing process, revising your NaNoWriMo book and building a writing career through publishing and beyond",4,Four,rating_only
Default,Modern Day Fables,2,Two,rating_only
Default,The Unlikely Pilgrimage of Harold Fry (Harold Fry #1),5,Five,rating_only
Default,The Martian (The Martian #1),2,Two,rating_only
Default,Left Behind (Left Behind #1),2,Two,rating_only
Default,John Vassos: Industrial Design for Modern Life,4,Four,rating_only
Default,I'll Give You the Sun,1,One,rating_only
Default,Heaven is for Real: A Little Boy's Astounding Story of His Trip to Heaven and Back,2,Two,rating_only
Default,Ender's Game (The Ender Quintet #1),1,One,rating_only
Default,Death by Leisure: A Cautionary Tale,4,Four,rating_only
Default,Wildlife of New York: A Five-Borough Coloring Book,2,Two,rating_only
Default,The Year of Living Biblically: One Man's Humble Quest to Follow the Bible as Literally as Possible,1,One,rating_only
Default,The Great Gatsby,4,Four,rating_only
Default,The Good Girl,3,Three,rating_only
Default,The 7 Habits of Highly Effective People: Powerful Lessons in Personal Change,4,Four,rating_only
Default,Steal Like an Artist: 10 Things Nobody Told You About Being Creative,2,Two,rating_only
Default,Life of Pi,4,Four,rating_only
Default,The Sound Of Love,5,Five,rating_only
Default,The Perks of Being a Wallflower,3,Three,rating_only
Default,The Makings of a Fatherless Child,2,Two,rating_only
Default,The Hobbit (Middle-Earth Universe),5,Five,rating_only
Default,The Fellowship of the Ring (The Lord of the Rings #1),2,Two,rating_only
Default,Ship Leaves Harbor: Essays on Travel by a Recovering Journeyman,3,Three,rating_only
Default,Musicophilia: Tales of Music and the Brain,1,One,rating_only
Default,What If?: Serious Scientific Answers to Absurd Hypothetical Questions,4,Four,rating_only
Default,The Fault in Our Stars,1,One,rating_only
Default,The Dream Thieves (The Raven Cycle #2),1,One,rating_only
Default,The 5th Wave (The 5th Wave #1),2,Two,rating_only
Default,Shiver (The Wolves of Mercy Falls #1),5,Five,rating_only
Default,Remember Me?,3,Three,rating_only
Default,If I Stay (If I Stay #1),5,Five,rating_only
Default,I Know Why the Caged Bird Sings (Maya Angelou's Autobiography #1),2,Two,rating_only
Default,Harry Potter and the Deathly Hallows (Harry Potter #7),1,One,rating_only
Default,Fool Me Once,1,One,rating_only
Default,Drama,2,Two,rating_only
Default,"Blue Lily, Lily Blue (The Raven Cycle #3)",5,Five,rating_only
Default,Alight (The Generations Trilogy #2),4,Four,rating_only
Default,Vogue Colors A to Z: A Fashion Coloring Book,4,Four,rating_only
Default,The Shining (The Shining #1),3,Three,rating_only
Default,The Hunger Games (The Hunger Games #1),5,Five,rating_only
Default,Outlander (Outlander #1),5,Five,rating_only
Default,Mockingjay (The Hunger Games #3),4,Four,rating_only
Default,Harry Potter and the Sorcerer's Stone (Harry Potter #1),3,Three,rating_only
Default,Confessions of a Shopaholic (Shopaholic #1),2,Two,rating_only
Default,Zero History (Blue Ant #3),1,One,rating_only
Default,World War Z: An Oral History of the Zombie War,1,One,rating_only
Default,Wild: From Lost to Found on the Pacific Crest Trail,3,Three,rating_only
Default,"Where'd You Go, Bernadette",1,One,rating_only
Default,Twilight (Twilight #1),2,Two,rating_only
Default,The Paris Wife,3,Three,rating_only
Default,The Maze Runner (The Maze Runner #1),1,One,rating_only
Default,The Lover's Dictionary,2,Two,rating_only
Default,The Goldfinch,3,Three,rating_only
Default,The Giver (The Giver Quartet #1),1,One,rating_only
Default,The Girl Who Played with Fire (Millennium Trilogy #2),2,Two,rating_only
Default,The Demon-Haunted World: Science as a Candle in the Dark,4,Four,rating_only
Default,The Book Thief,2,Two,rating_only
Default,The Autobiography of Malcolm X,2,Two,rating_only
Default,Shopaholic & Baby (Shopaholic #5),2,Two,rating_only
Default,Quiet: The Power of Introverts in a World That Can't Stop Talking,1,One,rating_only
Default,Packing for Mars: The Curious Science of Life in the Void,2,Two,rating_only
Default,Orange Is the New Black,2,Two,rating_only
Default,One for the Money (Stephanie Plum #1),2,Two,rating_only
Default,Morning Star (Red Rising #3),1,One,rating_only
Default,Life After Life,2,Two,rating_only
Default,"Lean In: Women, Work, and the Will to Lead",1,One,rating_only
Default,Is Everyone Hanging Out Without Me? (And Other Concerns),3,Three,rating_only
Default,Gone Girl,5,Five,rating_only
Default,Fellside,1,One,rating_only
Default,Eclipse (Twilight #3),1,One,rating_only
Default,Dracula,3,Three,rating_only
Default,Dead Wake: The Last Crossing of the Lusitania,5,Five,rating_only
Default,"David and Goliath: Underdogs, Misfits, and the Art of Battling Giants",1,One,rating_only
Default,Dark Places,5,Five,rating_only
Default,Breaking Dawn (Twilight #4),5,Five,rating_only
Default,Beautiful Creatures (Caster Chronicles #1),5,Five,rating_only
Default,A Visit from the Goon Squad,5,Five,rating_only
Default,The Zombie Room,5,Five,rating_only
Default,The Name of the Wind (The Kingkiller Chronicle #1),3,Three,rating_only
Default,Taking Shots (Assassins #1),2,Two,rating_only
Default,Shatter Me (Shatter Me #1),1,One,rating_only
Default,Paradise Lost (Paradise #1),1,One,rating_only
Default,On the Road (Duluoz Legend),3,Three,rating_only
Default,Jane Eyre,5,Five,rating_only
Default,Frankenstein,2,Two,rating_only
Science Fiction,Mesaerion: The Best Science Fiction Stories 1800-1849,1,One,rating_only
Science Fiction,Join,5,Five,rating_only
Science Fiction,"William Shakespeare's Star Wars: Verily, A New Hope (William Shakespeare's Star Wars #4)",4,Four,rating_only
Science Fiction,The Project,1,One,rating_only
Science Fiction,Soft Apocalypse,2,Two,rating_only
Science Fiction,Sleeping Giants (Themis Files #1),1,One,rating_only
Science Fiction,Arena,4,Four,rating_only
Science Fiction,Foundation (Foundation (Publication Order) #1),1,One,rating_only
Science Fiction,The Restaurant at the End of the Universe (Hitchhiker's Guide to the Galaxy #2),1,One,rating_only
Science Fiction,Ready Player One,4,Four,rating_only
Science Fiction,"Life, the Universe and Everything (Hitchhiker's Guide to the Galaxy #3)",2,Two,rating_only
Science Fiction,Dune (Dune #1),1,One,rating_only
Science Fiction,Do Androids Dream of Electric Sheep? (Blade Runner #1),1,One,rating_only
Science Fiction,Three Wishes (River of Time: California #1),2,Two,rating_only
Science Fiction,The Last Girl (The Dominion Trilogy #1),2,Two,rating_only
Science Fiction,Having the Barbarian's Baby (Ice Planet Barbarians #7.5),4,Four,rating_only
Sports and Games,The Book of Basketball: The NBA According to The Sports Guy,5,Five,rating_only
Sports and Games,"Friday Night Lights: A Town, a Team, and a Dream",3,Three,rating_only
Sports and Games,Sugar Rush (Offensive Line #2),1,One,rating_only
Sports and Games,Settling the Score (The Summer Games #1),2,Two,rating_only
Sports and Games,Icing (Aces Hockey #2),4,Four,rating_only
Add a comment,The Torch Is Passed: A Harding Family Story,1,One,rating_only
Add a comment,"The Mindfulness and Acceptance Workbook for Anxiety: A Guide to Breaking Free from Anxiety, Phobias, and Worry Using Acceptance and Commitment Therapy",4,Four,rating_only
Add a comment,The Art Forger,3,Three,rating_only
Add a comment,On a Midnight Clear,3,Three,rating_only
Add a comment,Judo: Seven Steps to Black Belt (an Introductory Guide for Beginners),2,Two,rating_only
Add a comment,"Shobu Samurai, Project Aryoku (#3)",3,Three,rating_only
Add a comment,Modern Romance,5,Five,rating_only
Add a comment,The White Queen (The Cousins' War #1),5,Five,rating_only
Add a comment,The Song of Achilles,5,Five,rating_only
Add a comment,The Immortal Life of Henrietta Lacks,2,Two,rating_only
Add a comment,The Dovekeepers,1,One,rating_only
Add a comment,More Than Music (Chasing the Dream #1),2,Two,rating_only
Add a comment,Code Name Verity (Code Name Verity #1),4,Four,rating_only
Add a comment,Cell,4,Four,rating_only
Add a comment,Angels Walking (Angels Walking #1),2,Two,rating_only
Add a comment,"A Series of Catastrophes and Miracles: A True Story of Love, Science, and Cancer",2,Two,rating_only
Add a comment,A People's History of the United States,2,Two,rating_only
Add a comment,A Brush of Wings (Angels Walking #3),1,One,rating_only
Add a comment,Rook,4,Four,rating_only
Add a comment,The Midnight Watch: A Novel of the Titanic and the Californian,1,One,rating_only
Add a comment,The Gray Rhino: How to Recognize and Act on the Obvious Dangers We Ignore,4,Four,rating_only
Add a comment,The Children,3,Three,rating_only
Add a comment,One with You (Crossfire #5),4,Four,rating_only
Add a comment,Without Shame,5,Five,rating_only
Add a comment,Watchmen,4,Four,rating_only
Add a comment,A Hero's Curse (The Unseen Chronicles #1),3,Three,rating_only
Add a comment,23 Degrees South: A Tropical Tale of Changing Whether...,2,Two,rating_only
Add a comment,The Glass Castle,1,One,rating_only
Add a comment,The Drowning Girls,3,Three,rating_only
Add a comment,Team of Rivals: The Political Genius of Abraham Lincoln,5,Five,rating_only
Add a comment,John Adams,4,Four,rating_only
Add a comment,Good in Bed (Cannie Shapiro #1),5,Five,rating_only
Add a comment,The Joy of Cooking,4,Four,rating_only
Add a comment,The Golden Compass (His Dark Materials #1),1,One,rating_only
Add a comment,The God Delusion,3,Three,rating_only
Add a comment,Pride and Prejudice,4,Four,rating_only
Add a comment,Mere Christianity,3,Three,rating_only
Add a comment,Fun Home: A Family Tragicomic,4,Four,rating_only
Add a comment,The Raven King (The Raven Cycle #4),2,Two,rating_only
Add a comment,Find Her (Detective D.D. Warren #8),1,One,rating_only
Add a comment,Evicted: Poverty and Profit in the American City,1,One,rating_only
Add a comment,A Game of Thrones (A Song of Ice and Fire #1),2,Two,rating_only
Add a comment,A Clash of Kings (A Song of Ice and Fire #2),3,Three,rating_only
Add a comment,The Tipping Point: How Little Things Can Make a Big Difference,2,Two,rating_only
Add a comment,The Rest Is Noise: Listening to the Twentieth Century,1,One,rating_only
Add a comment,The Purpose Driven Life: What on Earth Am I Here for?,3,Three,rating_only
Add a comment,The Hitchhiker's Guide to the Galaxy (Hitchhiker's Guide to the Galaxy #1),3,Three,rating_only
Add a comment,The Girl Who Kicked the Hornet's Nest (Millennium Trilogy #3),1,One,rating_only
Add a comment,"The End of Faith: Religion, Terror, and the Future of Reason",4,Four,rating_only
Add a comment,The Complete Poems,5,Five,rating_only
Add a comment,The Catcher in the Rye,1,One,rating_only
Add a comment,The Case for Christ (Cases for Christianity),1,One,rating_only
Add a comment,The Blind Side: Evolution of a Game,5,Five,rating_only
Add a comment,Seven Days in the Art World,2,Two,rating_only
Add a comment,Sarah's Key,1,One,rating_only
Add a comment,Rogue Lawyer (Rogue Lawyer #1),3,Three,rating_only
Add a comment,Manuscript Found in Accra,2,Two,rating_only
Add a comment,Fire Bound (Sea Haven/Sisters of the Heart #5),4,Four,rating_only
Add a comment,Cosmos,2,Two,rating_only
Add a comment,#GIRLBOSS,1,One,rating_only
Add a comment,The Sense of an Ending,3,Three,rating_only
Add a comment,The Republic,3,Three,rating_only
Add a comment,The Odyssey,3,Three,rating_only
Add a comment,The Light of the Fireflies,1,One,rating_only
Add a comment,The Iliad,1,One,rating_only
Add a comment,The Communist Manifesto,3,Three,rating_only
Add a comment,Lord of the Flies,3,Three,rating_only
Fantasy,Unicorn Tracks,3,Three,rating_only
Fantasy,"Saga, Volume 6 (Saga (Collected Editions) #6)",3,Three,rating_only
Fantasy,Princess Between Worlds (Wide-Awake Princess #5),5,Five,rating_only
Fantasy,Masks and Shadows,2,Two,rating_only
Fantasy,Crown of Midnight (Throne of Glass #2),3,Three,rating_only
Fantasy,"Avatar: The Last Airbender: Smoke and Shadow, Part 3 (Smoke and Shadow #3)",2,Two,rating_only
Fantasy,A Court of Thorns and Roses (A Court of Thorns and Roses #1),1,One,rating_only
Fantasy,Throne of Glass (Throne of Glass #1),3,Three,rating_only
Fantasy,The Glittering Court (The Glittering Court #1),1,One,rating_only
Fantasy,Hollow City (Miss Peregrineâs Peculiar Children #2),1,One,rating_only
Fantasy,The Star-Touched Queen,5,Five,rating_only
Fantasy,The Hidden Oracle (The Trials of Apollo #1),2,Two,rating_only
Fantasy,The Bane Chronicles (The Bane Chronicles #1-11),4,Four,rating_only
Fantasy,Island of Dragons (Unwanteds #7),1,One,rating_only
Fantasy,Demigods & Magicians: Percy and Annabeth Meet the Kanes (Percy Jackson & Kane Chronicles Crossover #1-3),5,Five,rating_only
Fantasy,City of Glass (The Mortal Instruments #3),4,Four,rating_only
Fantasy,Searching for Meaning in Gailana,1,One,rating_only
Fantasy,The Star-Touched Queen,5,Five,rating_only
Fantasy,A Shard of Ice (The Black Symphony Saga #1),3,Three,rating_only
Fantasy,King's Folly (The Kinsman Chronicles #1),5,Five,rating_only
Fantasy,Every Heart a Doorway (Every Heart A Doorway #1),5,Five,rating_only
Fantasy,A Gathering of Shadows (Shades of Magic #2),4,Four,rating_only
Fantasy,The Raven Boys (The Raven Cycle #1),4,Four,rating_only
Fantasy,The False Prince (The Ascendance Trilogy #1),5,Five,rating_only
Fantasy,Tell the Wind and Fire,3,Three,rating_only
Fantasy,A Feast for Crows (A Song of Ice and Fire #4),4,Four,rating_only
Fantasy,The Demonists (Demonist #1),2,Two,rating_only
Fantasy,The Beast (Black Dagger Brotherhood #14),5,Five,rating_only
Fantasy,Paper and Fire (The Great Library #2),5,Five,rating_only
Fantasy,Harry Potter and the Order of the Phoenix (Harry Potter #5),4,Four,rating_only
Fantasy,Harry Potter and the Half-Blood Prince (Harry Potter #6),5,Five,rating_only
Fantasy,Harry Potter and the Chamber of Secrets (Harry Potter #2),1,One,rating_only
Fantasy,The Rose & the Dagger (The Wrath and the Dawn #2),4,Four,rating_only
Fantasy,Soldier (Talon #3),2,Two,rating_only
Fantasy,Midnight Riot (Peter Grant/ Rivers of London - books #1),2,Two,rating_only
Fantasy,Heir to the Sky,4,Four,rating_only
Fantasy,Eragon (The Inheritance Cycle #1),3,Three,rating_only
Fantasy,Darkfever (Fever #1),1,One,rating_only
Fantasy,Ash,4,Four,rating_only
Fantasy,A Storm of Swords (A Song of Ice and Fire #3),2,Two,rating_only
Fantasy,Vampire Girl (Vampire Girl #1),2,Two,rating_only
Fantasy,The Silent Twin (Detective Jennifer Knight #3),3,Three,rating_only
Fantasy,The Mirror & the Maze (The Wrath and the Dawn #1.5),1,One,rating_only
Fantasy,Sister Sable (The Mad Queen #1),3,Three,rating_only
Fantasy,Shadow Rites (Jane Yellowrock #10),4,Four,rating_only
Fantasy,Origins (Alphas 0.5),1,One,rating_only
Fantasy,One Second (Seven #7),2,Two,rating_only
Fantasy,Myriad (Prentor #1),4,Four,rating_only
New Adult,Without Borders (Wanderlove #1),2,Two,rating_only
New Adult,The Mistake (Off-Campus #2),3,Three,rating_only
New Adult,The Matchmaker's Playbook (Wingmen Inc. #1),1,One,rating_only
New Adult,The Hook Up (Game On #1),5,Five,rating_only
New Adult,Shameless,3,Three,rating_only
New Adult,Off Sides (Off #1),5,Five,rating_only
Young Adult,The Requiem Red,1,One,rating_only
Young Adult,Set Me Free,5,Five,rating_only
Young Adult,The Natural History of Us (The Fine Art of Pretending #2),3,Three,rating_only
Young Adult,Obsidian (Lux #1),2,Two,rating_only
Young Adult,Burning,3,Three,rating_only
Young Adult,A Fierce and Subtle Poison,4,Four,rating_only
Young Adult,Scarlett Epstein Hates It Here,5,Five,rating_only
Young Adult,"Nightingale, Sing",1,One,rating_only
Young Adult,Library of Souls (Miss Peregrineâs Peculiar Children #3),5,Five,rating_only
Young Adult,Frostbite (Vampire Academy #2),5,Five,rating_only
Young Adult,Wild Swans,2,Two,rating_only
Young Adult,Until Friday Night (The Field Party #1),2,Two,rating_only
Young Adult,This Is Where It Ends,2,Two,rating_only
Young Adult,The Darkest Lie,5,Five,rating_only
Young Adult,My Kind of Crazy,1,One,rating_only
Young Adult,Don't Get Caught,1,One,rating_only
Young Adult,Catching Jordan (Hundred Oaks),3,Three,rating_only
Young Adult,Aristotle and Dante Discover the Secrets of the Universe (Aristotle and Dante Discover the Secrets of the Universe #1),4,Four,rating_only
Young Adult,The Epidemic (The Program 0.6),5,Five,rating_only
Young Adult,Stars Above (The Lunar Chronicles #4.5),2,Two,rating_only
Young Adult,No Love Allowed (Dodge Cove #1),4,Four,rating_only
Young Adult,"Exit, Pursued by a Bear",4,Four,rating_only
Young Adult,The Alien Club,1,One,rating_only
Young Adult,Don't Forget Steven,1,One,rating_only
Young Adult,South of Sunshine,1,One,rating_only
Young Adult,My Life Next Door (My Life Next Door ),5,Five,rating_only
Young Adult,Future Shock (Future Shock #1),5,Five,rating_only
Young Adult,Nightstruck: A Novel,4,Four,rating_only
Young Adult,Tell the Wolves I'm Home,2,Two,rating_only
Young Adult,"Will Grayson, Will Grayson (Will Grayson, Will Grayson)",4,Four,rating_only
Young Adult,Where She Went (If I Stay #2),4,Four,rating_only
Young Adult,Two Summers,1,One,rating_only
Young Adult,The Darkest Corners,5,Five,rating_only
Young Adult,Tell Me Three Things,1,One,rating_only
Young Adult,Lola and the Boy Next Door (Anna and the French Kiss #2),4,Four,rating_only
Young Adult,Kill the Boy Band,5,Five,rating_only
Young Adult,Isla and the Happily Ever After (Anna and the French Kiss #3),5,Five,rating_only
Young Adult,An Abundance of Katherines,5,Five,rating_only
Young Adult,Harry Potter and the Prisoner of Azkaban (Harry Potter #3),4,Four,rating_only
Young Adult,Walk the Edge (Thunder Road #2),3,Three,rating_only
Young Adult,Two Boys Kissing,2,Two,rating_only
Young Adult,The New Guy (and Other Senior Year Distractions),3,Three,rating_only
Young Adult,"The Land of 10,000 Madonnas",4,Four,rating_only
Young Adult,Scarlet (The Lunar Chronicles #2),4,Four,rating_only
Young Adult,Legend (Legend #1),4,Four,rating_only
Young Adult,Lady Renegades (Rebel Belle #3),5,Five,rating_only
Young Adult,Golden (Heart of Dread #3),4,Four,rating_only
Young Adult,Cinder (The Lunar Chronicles #1),1,One,rating_only
Young Adult,Boy Meets Boy,3,Three,rating_only
Young Adult,Annie on My Mind,5,Five,rating_only
Young Adult,New Moon (Twilight #2),4,Four,rating_only
Young Adult,Girl Online On Tour (Girl Online #2),1,One,rating_only
Young Adult,The Haters,5,Five,rating_only
Young Adult,The Art of Not Breathing,4,Four,rating_only
Science,The Most Perfect Thing: Inside (and Outside) a Bird's Egg,4,Four,rating_only
Science,Immunity: How Elie Metchnikoff Changed the Course of Modern Medicine,5,Five,rating_only
Science,Sorting the Beef from the Bull: The Science of Food Fraud Forensics,4,Four,rating_only
Science,Tipping Point for Planet Earth: How Close Are We to the Edge?,1,One,rating_only
Science,"The Fabric of the Cosmos: Space, Time, and the Texture of Reality",1,One,rating_only
Science,Diary of a Citizen Scientist: Chasing Tiger Beetles and Other New Ways of Engaging the World,1,One,rating_only
Science,The Origin of Species,4,Four,rating_only
Science,The Grand Design,3,Three,rating_only
Science,Peak: Secrets from the New Science of Expertise,2,Two,rating_only
Science,"The Elegant Universe: Superstrings, Hidden Dimensions, and the Quest for the Ultimate Theory",4,Four,rating_only
Science,"The Disappearing Spoon: And Other True Tales of Madness, Love, and the History of the World from the Periodic Table of the Elements",5,Five,rating_only
Science,"Surely You're Joking, Mr. Feynman!: Adventures of a Curious Character",2,Two,rating_only
Science,Seven Brief Lessons on Physics,4,Four,rating_only
Science,The Selfish Gene,1,One,rating_only
Poetry,A Light in the Attic,3,Three,rating_only
Poetry,The Black Maria,1,One,rating_only
Poetry,Shakespeare's Sonnets,4,Four,rating_only
Poetry,Olio,1,One,rating_only
Poetry,You can't bury them all: Poems,2,Two,rating_only
Poetry,Slow States of Collapse: Poems,3,Three,rating_only
Poetry,Untitled Collection: Sabbath Poems 2014,4,Four,rating_only
Poetry,Poems That Make Grown Women Cry,4,Four,rating_only
Poetry,Night Sky with Exit Wounds,1,One,rating_only
Poetry,salt.,4,Four,rating_only
Poetry,"Quarter Life Poetry: Poems for the Young, Broke and Hangry",5,Five,rating_only
Poetry,Out of Print: City Lights Spotlight No. 14,5,Five,rating_only
Poetry,Les Fleurs du Mal,5,Five,rating_only
Poetry,Howl and Other Poems,2,Two,rating_only
Poetry,Leave This Song Behind: Teen Poetry at Its Best,5,Five,rating_only
Poetry,The Collected Poems of W.B. Yeats (The Collected Works of W.B. Yeats #1),5,Five,rating_only
Poetry,The Crossover,4,Four,rating_only
Poetry,Booked,5,Five,rating_only
Poetry,Twenty Love Poems and a Song of Despair,4,Four,rating_only
Paranormal,"Vampire Knight, Vol. 1 (Vampire Knight #1)",1,One,rating_only
Art,Wall and Piece,4,Four,rating_only
Art,Feathers: Displays of Brilliant Plumage,3,Three,rating_only
Art,Art and Fear: Observations on the Perils (and Rewards) of Artmaking,4,Four,rating_only
Art,The New Drawing on the Right Side of the Brain,3,Three,rating_only
Art,History of Beauty,4,Four,rating_only
Art,The Story of Art,4,Four,rating_only
Art,The Art Book,2,Two,rating_only
Art,Ways of Seeing,5,Five,rating_only
Psychology,The Lucifer Effect: Understanding How Good People Turn Evil,1,One,rating_only
Psychology,The Golden Condom: And Other Essays on Love Lost and Found,1,One,rating_only
Psychology,It Didn't Start with You: How Inherited Family Trauma Shapes Who We Are and How to End the Cycle,3,Three,rating_only
Psychology,An Unquiet Mind: A Memoir of Moods and Madness,3,Three,rating_only
Psychology,"Thinking, Fast and Slow",1,One,rating_only
Psychology,Civilization and Its Discontents,2,Two,rating_only
Psychology,8 Keys to Mental Health Through Exercise,1,One,rating_only
Autobiography,The Argonauts,2,Two,rating_only
Autobiography,M Train,1,One,rating_only
Autobiography,Lab Girl,1,One,rating_only
Autobiography,Approval Junkie: Adventures in Caring Too Much,5,Five,rating_only
Autobiography,Running with Scissors,4,Four,rating_only
Autobiography,Me Talk Pretty One Day,2,Two,rating_only
Autobiography,Lust & Wonder,2,Two,rating_only
Autobiography,Life Without a Recipe,5,Five,rating_only
Autobiography,A Heartbreaking Work of Staggering Genius,5,Five,rating_only
Parenting,Catastrophic Happiness: Finding Joy in Childhood's Messy Years,2,Two,rating_only
Adult Fiction,Fifty Shades Freed (Fifty Shades #3),5,Five,rating_only
Humor,The Long Haul (Diary of a Wimpy Kid #9),1,One,rating_only
Humor,Old School (Diary of a Wimpy Kid #10),5,Five,rating_only
Humor,I Know What I'm Doing -- and Other Lies I Tell Myself: Dispatches from a Life Under Construction,4,Four,rating_only
Humor,"Hyperbole and a Half: Unfortunate Situations, Flawed Coping Mechanisms, Mayhem, and Other Things That Happened",5,Five,rating_only
Humor,Dress Your Family in Corduroy and Denim,3,Three,rating_only
Humor,Toddlers Are A**holes: It's Not Your Fault,1,One,rating_only
Humor,When You Are Engulfed in Flames,5,Five,rating_only
Humor,Naked,3,Three,rating_only
Humor,"Lamb: The Gospel According to Biff, Christ's Childhood Pal",5,Five,rating_only
Humor,Holidays on Ice,2,Two,rating_only
Horror,Security,2,Two,rating_only
Horror,Follow You Home,1,One,rating_only
Horror,The Loney,1,One,rating_only
Horror,Pet Sematary,3,Three,rating_only
Horror,Doctor Sleep (The Shining #2),2,Two,rating_only
Horror,Psycho: Sanitarium (Psycho #1.5),5,Five,rating_only
Horror,Can You Keep a Secret? (Fear Street Relaunch #4),1,One,rating_only
Horror,Red Dragon (Hannibal Lecter #1),3,Three,rating_only
Horror,Dracula the Un-Dead,5,Five,rating_only
Horror,Night Shift (Night Shift #1-20),4,Four,rating_only
Horror,Needful Things,4,Four,rating_only
Horror,Misery,2,Two,rating_only
Horror,It,3,Three,rating_only
Horror,'Salem's Lot,4,Four,rating_only
Horror,The Stand,2,Two,rating_only
Horror,The Girl with All the Gifts,3,Three,rating_only
Horror,House of Leaves,1,One,rating_only
History,Sapiens: A Brief History of Humankind,5,Five,rating_only
History,"Unbound: How Eight Technologies Made Us Human, Transformed Society, and Brought Our World to the Brink",1,One,rating_only
History,The Age of Genius: The Seventeenth Century and the Birth of the Modern Mind,1,One,rating_only
History,"Political Suicide: Missteps, Peccadilloes, Bad Calls, Backroom Hijinx, Sordid Pasts, Rotten Breaks, and Just Plain Dumb Mistakes in the Annals of American Politics",2,Two,rating_only
History,Thomas Jefferson and the Tripoli Pirates: The Forgotten War That Changed American History,1,One,rating_only
History,Zealot: The Life and Times of Jesus of Nazareth,3,Three,rating_only
History,A Distant Mirror: The Calamitous 14th Century,3,Three,rating_only
History,1491: New Revelations of the Americas Before Columbus,3,Three,rating_only
History,Brilliant Beacons: A History of the American Lighthouse,3,Three,rating_only
History,"""Most Blessed of the Patriarchs"": Thomas Jefferson and the Empire of the Imagination",5,Five,rating_only
History,A Short History of Nearly Everything,5,Five,rating_only
History,The Rise and Fall of the Third Reich: A History of Nazi Germany,2,Two,rating_only
History,Catherine the Great: Portrait of a Woman,4,Four,rating_only
History,The Mathews Men: Seven Brothers and the War Against Hitler's U-boats,5,Five,rating_only
History,The Hiding Place,4,Four,rating_only
History,America's War for the Greater Middle East: A Military History,2,Two,rating_only
History,The Guns of August,2,Two,rating_only
History,"House of Lost Worlds: Dinosaurs, Dynasties, and the Story of Life on Earth",2,Two,rating_only
Food and Drink,"Foolproof Preserving: A Guide to Small Batch Jams, Jellies, Pickles, Condiments, and More: A Foolproof Guide to Making Small Batch Jams, Jellies, Pickles, Condiments, and More",3,Three,rating_only
Food and Drink,"The Pioneer Woman Cooks: Dinnertime: Comfort Classics, Freezer Food, 16-Minute Meals, and Other Delicious Ways to Solve Supper!",1,One,rating_only
Food and Drink,My Paris Kitchen: Recipes and Stories,2,Two,rating_only
Food and Drink,"Mama Tried: Traditional Italian Cooking for the Screwed, Crude, Vegan, and Tattooed",4,Four,rating_only
Food and Drink,"Layered: Baking, Building, and Styling Spectacular Cakes",1,One,rating_only
Food and Drink,The Nerdy Nummies Cookbook: Sweet Treats for the Geek in All of Us,5,Five,rating_only
Food and Drink,The Love and Lemons Cookbook: An Apple-to-Zucchini Celebration of Impromptu Cooking,2,Two,rating_only
Food and Drink,The Cookies & Cups Cookbook: 125+ sweet & savory recipes reminding you to Always Eat Dessert First,1,One,rating_only
Food and Drink,"Deliciously Ella Every Day: Quick and Easy Recipes for Gluten-Free Snacks, Packed Lunches, and Simple Meals",3,Three,rating_only
Food and Drink,The Help Yourself Cookbook for Kids: 60 Easy Plant-Based Recipes Kids Can Make to Stay Healthy and Save the Earth,3,Three,rating_only
Food and Drink,"It's All Easy: Healthy, Delicious Weeknight Meals in under 30 Minutes",1,One,rating_only
Food and Drink,Barefoot Contessa Back to Basics,1,One,rating_only
Food and Drink,Barefoot Contessa at Home: Everyday Recipes You'll Make Over and Over Again,5,Five,rating_only
Food and Drink,My Kitchen Year: 136 Recipes That Saved My Life,2,Two,rating_only
Food and Drink,Everyday Italian: 125 Simple and Delicious Recipes,5,Five,rating_only
Food and Drink,"A la Mode: 120 Recipes in 60 Pairings: Pies, Tarts, Cakes, Crisps, and More Topped with Ice Cream, Gelato, Frozen Custard, and More",1,One,rating_only
Food and Drink,Cravings: Recipes for What You Want to Eat,3,Three,rating_only
Food and Drink,"The Moosewood Cookbook: Recipes from Moosewood Restaurant, Ithaca, New York",4,Four,rating_only
Food and Drink,32 Yolks,2,Two,rating_only
Food and Drink,"Naturally Lean: 125 Nourishing Gluten-Free, Plant-Based Recipes--All Under 300 Calories",5,Five,rating_only
Food and Drink,How to Cook Everything Vegetarian: Simple Meatless Recipes for Great Food (How to Cook Everything),4,Four,rating_only
Food and Drink,How to Be a Domestic Goddess: Baking and the Art of Comfort Cooking,2,Two,rating_only
Food and Drink,The Barefoot Contessa Cookbook,5,Five,rating_only
Food and Drink,Better Homes and Gardens New Cook Book,3,Three,rating_only
Food and Drink,The Power Greens Cookbook: 140 Delicious Superfood Recipes,5,Five,rating_only
Food and Drink,Mexican Today: New and Rediscovered Recipes for Contemporary Kitchens,5,Five,rating_only
Food and Drink,Vegan Vegetarian Omnivore: Dinner for Everyone at the Table,2,Two,rating_only
Food and Drink,The Smitten Kitchen Cookbook,1,One,rating_only
Food and Drink,"The Art of Simple Food: Notes, Lessons, and Recipes from a Delicious Revolution",3,Three,rating_only
Food and Drink,Hungry Girl Clean & Hungry: Easy All-Natural Recipes for Healthy Eating in the Real World,3,Three,rating_only
Christian Fiction,Redeeming Love,5,Five,rating_only
Christian Fiction,Close to You,4,Four,rating_only
Christian Fiction,Shadows of the Past (Logan Point #1),5,Five,rating_only
Christian Fiction,Like Never Before (Walker Family #2),2,Two,rating_only
Christian Fiction,Counted With the Stars (Out from Egypt #1),5,Five,rating_only
Christian Fiction,If I Run (If I Run #1),4,Four,rating_only
Business,The Dirty Little Secrets of Getting Your Dream Job,4,Four,rating_only
Business,The Third Wave: An Entrepreneurâs Vision of the Future,5,Five,rating_only
Business,The 10% Entrepreneur: Live Your Startup Dream Without Quitting Your Day Job,3,Three,rating_only
Business,Shoe Dog: A Memoir by the Creator of NIKE,2,Two,rating_only
Business,Made to Stick: Why Some Ideas Survive and Others Die,5,Five,rating_only
Business,Quench Your Own Thirst: Business Lessons Learned Over a Beer or Two,1,One,rating_only
Business,The Art of Startup Fundraising,3,Three,rating_only
Business,Born for This: How to Find the Work You Were Meant to Do,5,Five,rating_only
Business,The E-Myth Revisited: Why Most Small Businesses Don't Work and What to Do About It,1,One,rating_only
Business,"Rich Dad, Poor Dad",1,One,rating_only
Business,The Lean Startup: How Today's Entrepreneurs Use Continuous Innovation to Create Radically Successful Businesses,3,Three,rating_only
Business,Rework,2,Two,rating_only
Biography,Louisa: The Extraordinary Life of Mrs. Adams,2,Two,rating_only
Biography,"Setting the World on Fire: The Brief, Astonishing Life of St. Catherine of Siena",2,Two,rating_only
Biography,The Faith of Christopher Hitchens: The Restless Soul of the World's Most Notorious Atheist,1,One,rating_only
Biography,Benjamin Franklin: An American Life,3,Three,rating_only
Biography,The Rise of Theodore Roosevelt (Theodore Roosevelt #1),3,Three,rating_only
Thriller,In Her Wake,1,One,rating_only
Thriller,The Elephant Tree,5,Five,rating_only
Thriller,Behind Closed Doors,4,Four,rating_only
Thriller,You (You #1),5,Five,rating_only
Thriller,The Guilty (Will Robie #4),2,Two,rating_only
Thriller,The 14th Colony (Cotton Malone #11),1,One,rating_only
Thriller,Give It Back,2,Two,rating_only
Thriller,Killing Floor (Jack Reacher #1),4,Four,rating_only
Thriller,The Bone Hunters (Lexy Vaughan & Steven Macaulay #2),3,Three,rating_only
Thriller,Far From True (Promise Falls Trilogy #2),2,Two,rating_only
Thriller,The Travelers,1,One,rating_only
Contemporary,When We Collided,1,One,rating_only
Contemporary,Someone Like You (The Harrisons #2),5,Five,rating_only
Contemporary,We Are All Completely Beside Ourselves,1,One,rating_only
Spirituality,The Four Agreements: A Practical Guide to Personal Freedom,5,Five,rating_only
Spirituality,The Activist's Tao Te Ching: Ancient Advice for a Modern Revolution,5,Five,rating_only
Spirituality,Chasing Heaven: What Dying Taught Me About Living,2,Two,rating_only
Spirituality,If I Gave You God's Phone Number....: Searching for Spirituality in America,1,One,rating_only
Spirituality,Unreasonable Hope: Finding Faith in the God Who Brings Purpose to Your Pain,2,Two,rating_only
Spirituality,A New Earth: Awakening to Your Life's Purpose,5,Five,rating_only
Academic,Logan Kade (Fallen Crest High #5.5),2,Two,rating_only
Self Help,Online Marketing for Busy Authors: A Step-By-Step Guide,1,One,rating_only
Self Help,How to Be Miserable: 40 Strategies You Already Use,1,One,rating_only
Self Help,"Overload: How to Unplug, Unwind, and Unleash Yourself from the Pressure of Stress",3,Three,rating_only
Self Help,You Are a Badass: How to Stop Doubting Your Greatness and Start Living an Awesome Life,3,Three,rating_only
Self Help,How to Stop Worrying and Start Living,5,Five,rating_only
Historical,All the Light We Cannot See,5,Five,rating_only
Historical,The Girl You Left Behind (The Girl You Left Behind #1),1,One,rating_only
Christian,(Un)Qualified: How God Uses Broken People to Do Big Things,5,Five,rating_only
Christian,Crazy Love: Overwhelmed by a Relentless God,2,Two,rating_only
Christian,Blue Like Jazz: Nonreligious Thoughts on Christian Spirituality,1,One,rating_only
Suspense,Silence in the Dark (Logan Point #4),3,Three,rating_only
Short Stories,The Grownup,1,One,rating_only
Novels,Suzie Snowflake: One beautiful flake (a self-esteem story),5,Five,rating_only
Health,"The Bulletproof Diet: Lose up to a Pound a Day, Reclaim Energy and Focus, Upgrade Your Life",3,Three,rating_only
Health,"Eat Fat, Get Thin",2,Two,rating_only
Health,10-Day Green Smoothie Cleanse: Lose Up to 15 Pounds in 10 Days!,5,Five,rating_only
Health,The Art and Science of Low Carbohydrate Living,5,Five,rating_only
Politics,Libertarianism for Beginners,2,Two,rating_only
Politics,Why the Right Went Wrong: Conservatism--From Goldwater to the Tea Party and Beyond,4,Four,rating_only
Politics,Equal Is Unfair: America's Misguided Fight Against Income Inequality,1,One,rating_only
Cultural,Amid the Chaos,1,One,rating_only
Erotica,Dark Notes,5,Five,rating_only
Crime,The Long Shadow of Small Ghosts: Murder and Memory in an American City,1,One,rating_only
